Model,Accuracy,Precision,Recall,F1 Score
Baseline,0.1224,0.5485603184832112,0.1224,0.05960741405560299
Balanced,0.115,0.02933327303935169,0.11499999999999999,0.03741996378835932
Advanced,0.8757,0.8763213789711524,0.8756999999999999,0.8756748149254449
