Technique,accuracy,precision,recall,f1
focal,0.4975,0.6783711843711844,0.4975,0.5014359385025019
class_balanced,0.5475,0.7152323762989397,0.5475,0.5604070931111539
mixup,0.5525,0.6389672358293048,0.5525,0.5221937106705976
cutmix,0.5375,0.6818012836836367,0.5375,0.519548538565432
