Technique,accuracy,precision,recall,f1
baseline,0.7225,0.7900558657029245,0.7225,0.7146566432475706
focal,0.7375,0.8232311648924552,0.7375,0.7379257905836853
sampler_focal,0.75,0.8189500236605501,0.75,0.7456471644612875
mixup_focal,0.7675,0.8387270784770784,0.7675,0.769431070175332
hybrid,0.7525,0.7979098124098124,0.7525,0.7444140580781448
