Technique,accuracy,precision,recall,f1
focal,0.4975,0.6783711843711844,0.4975,0.5014359385025019
