accuracy,precision,recall,f1,Technique
0.8465,0.8494539241458489,0.8465,0.8471311568147766,focal
0.8434,0.842466220030088,0.8434000000000001,0.8426243470870689,class_balanced
0.8645,0.8653768480890587,0.8644999999999999,0.8646723152650031,mixup
0.8724,0.8727652984837964,0.8724000000000001,0.8720287967929574,cutmix
0.8777,0.8775761397307275,0.8777000000000001,0.8775312180480057,Ensemble
